zcr_mean,zcr_std,rms_mean,rms_std,spec_centroid_mean,spec_centroid_std,spec_bandwidth_mean,spec_bandwidth_std,spec_rolloff85_mean,spec_rolloff95_mean,mfcc1_mean,mfcc1_std,mfcc2_mean,mfcc2_std,mfcc3_mean,mfcc3_std,mfcc4_mean,mfcc4_std,mfcc5_mean,mfcc5_std,mfcc6_mean,mfcc6_std,mfcc7_mean,mfcc7_std,mfcc8_mean,mfcc8_std,mfcc9_mean,mfcc9_std,mfcc10_mean,mfcc10_std,mfcc11_mean,mfcc11_std,mfcc12_mean,mfcc12_std,mfcc13_mean,mfcc13_std,sample_rate,duration_sec,path,filename,label
0.02278338738207547,0.006941040093062008,0.004750842694193125,0.0026628950145095587,1324.4164082409502,202.7903711092739,2621.080984047296,347.2837525283462,2085.4704083136794,4561.382480837264,-549.361083984375,39.13056182861328,203.67501831054688,11.709526062011719,-6.93155574798584,6.7757978439331055,-5.146547794342041,6.266226768493652,21.316686630249023,26.467174530029297,18.612689971923828,8.658172607421875,2.141958475112915,6.2398600578308105,5.76549768447876,6.704657554626465,4.356015205383301,4.538420677185059,4.4090399742126465,5.0304059982299805,1.965035319328308,5.077704429626465,5.313936233520508,6.185204982757568,7.717476844787598,8.626770973205566,44100,1.23,D:/DU-SEM2/Period 1/Data Collection/Lab 3 Audio Folder/archive/selected_4x20/dog_bark/139948-3-4-0.wav,139948-3-4-0.wav,dog_bark
0.04581351902173913,0.02553397703893875,0.009646022692322731,0.01875806786119938,2482.6698276739353,1470.8891575600826,3617.7343207760077,1720.634727062923,5101.496688179348,10025.48488451087,-554.81298828125,108.29244995117188,85.24085235595703,61.77302551269531,7.156044960021973,29.53179931640625,-15.945980072021484,23.465045928955078,-25.156103134155273,23.433969497680664,-21.012197494506836,15.191516876220703,-19.566408157348633,15.42218017578125,-8.817712783813477,7.895075798034668,-9.675873756408691,9.086180686950684,-11.595054626464844,12.545066833496094,-0.9190482497215271,6.05280065536499,5.894960880279541,8.450943946838379,-1.1827622652053833,7.696801662445068,44100,4.0,D:/DU-SEM2/Period 1/Data Collection/Lab 3 Audio Folder/archive/selected_4x20/dog_bark/192236-3-0-6.wav,192236-3-0-6.wav,dog_bark
0.029806385869565216,0.010167251729119038,0.029523152858018875,0.05629746988415718,1592.3780601861095,243.23532266610889,2477.4151480502287,572.2716019407023,2960.2224864130435,6362.530995244565,-365.13677978515625,53.29562759399414,150.7469940185547,28.616403579711914,3.3223891258239746,20.91262435913086,-7.03073787689209,23.229703903198242,5.925083637237549,16.71569061279297,5.395325183868408,6.3381452560424805,6.892471790313721,8.550524711608887,0.46156758069992065,11.517496109008789,5.679886817932129,4.220647811889648,14.681032180786133,7.519343852996826,10.086454391479492,5.483569145202637,5.00819206237793,5.9535651206970215,2.8280978202819824,6.241530418395996,44100,4.0,D:/DU-SEM2/Period 1/Data Collection/Lab 3 Audio Folder/archive/selected_4x20/dog_bark/194754-3-0-1.wav,194754-3-0-1.wav,dog_bark
0.04042217548076923,0.010628044523411036,0.04443483054637909,0.05463690310716629,1718.9828301676612,438.5256855517753,2598.803720741271,640.1806972896285,3261.120793269231,6018.033353365385,-330.0067443847656,42.73335647583008,178.8641815185547,27.40143394470215,-7.739468574523926,17.15167999267578,4.9502153396606445,22.86969566345215,-2.889422655105591,25.553508758544922,9.22115421295166,9.102848052978516,3.6481618881225586,9.943673133850098,-14.553133010864258,12.466057777404785,3.2684223651885986,11.129755020141602,1.3013395071029663,13.065913200378418,-1.5204756259918213,7.463836193084717,5.55452299118042,13.462967872619629,2.7257373332977295,7.84234094619751,44100,0.75,D:/DU-SEM2/Period 1/Data Collection/Lab 3 Audio Folder/archive/selected_4x20/dog_bark/194753-3-3-0.wav,194753-3-3-0.wav,dog_bark
0.04002426609848485,0.01138105887147467,0.12323986738920212,0.12303460389375687,1211.233081618274,227.72259743744232,851.6007109655451,289.429156523576,2070.6676136363635,2708.8334517045455,-311.9842834472656,52.73672103881836,151.54624938964844,29.808584213256836,-33.5129508972168,37.69132995605469,-63.843570709228516,25.086275100708008,-19.682830810546875,12.724867820739746,-18.928539276123047,10.222723007202148,-33.712181091308594,8.673556327819824,-33.833168029785156,9.791214942932129,-25.47390365600586,8.161179542541504,-9.411086082458496,10.868512153625488,-6.734437942504883,9.84580135345459,-19.082639694213867,13.182945251464844,-12.397636413574219,10.511848449707031,44100,1.1397732426303855,D:/DU-SEM2/Period 1/Data Collection/Lab 3 Audio Folder/archive/selected_4x20/dog_bark/155320-3-0-0.wav,155320-3-0-0.wav,dog_bark
0.024744370404411766,0.003700152028170403,0.11723257601261139,0.05331754311919212,1686.3545960759393,479.1934586468485,2966.23559041756,787.8385735928532,2421.8520220588234,7803.88614430147,-258.1531066894531,28.95320701599121,168.2237548828125,24.08086585998535,-3.967803478240967,16.587230682373047,-17.929536819458008,7.916607856750488,-44.238468170166016,12.656137466430664,-20.83496856689453,6.5386481285095215,-23.13458824157715,5.910964488983154,-20.595035552978516,6.250542640686035,-24.437461853027344,6.638426780700684,-24.258861541748047,6.018136501312256,-20.654464721679688,5.418984413146973,-10.579468727111816,7.275669574737549,-11.354021072387695,6.439891338348389,44100,0.7873469387755102,D:/DU-SEM2/Period 1/Data Collection/Lab 3 Audio Folder/archive/selected_4x20/dog_bark/36902-3-0-0.wav,36902-3-0-0.wav,dog_bark
0.04723448822463768,0.011895538803807459,0.014297714456915855,0.008107495494186878,3694.3552497216933,751.9666613553071,5181.244081948212,738.2532418584693,8908.691830842392,16216.31199048913,-363.0480651855469,30.77887535095215,112.56700897216797,22.794151306152344,3.185054302215576,10.539655685424805,10.955415725708008,17.692638397216797,9.528298377990723,11.586222648620605,11.764019012451172,6.809983253479004,12.154241561889648,4.418768882751465,7.917953014373779,7.839750289916992,1.4806891679763794,8.271125793457031,6.609302997589111,5.124207496643066,5.978527069091797,4.260659694671631,9.139123916625977,4.813111782073975,0.0946635827422142,5.062226295471191,44100,4.0,D:/DU-SEM2/Period 1/Data Collection/Lab 3 Audio Folder/archive/selected_4x20/dog_bark/155488-3-2-0.wav,155488-3-2-0.wav,dog_bark
0.02412817028985507,0.007368559523835745,0.14020830392837524,0.0274632778018713,2221.6238829150875,214.0000736188766,4169.559431839683,198.19383458662722,3752.020210597826,13002.871518342392,-164.8793182373047,7.100747108459473,157.71710205078125,5.498361587524414,13.301977157592773,7.152022361755371,-4.850257396697998,7.836350917816162,0.6401970982551575,4.869148254394531,15.35323429107666,5.206900119781494,12.46257209777832,4.147562026977539,10.652182579040527,4.93375825881958,14.404557228088379,4.484069347381592,8.977701187133789,3.915795087814331,6.147707939147949,4.639732360839844,10.07630729675293,4.749701023101807,5.514652252197266,5.220714569091797,44100,4.0,D:/DU-SEM2/Period 1/Data Collection/Lab 3 Audio Folder/archive/selected_4x20/dog_bark/126521-3-0-2.wav,126521-3-0-2.wav,dog_bark
0.034322102864583336,0.011123349069641936,0.01981254853308201,0.014050258323550224,2079.456555818855,505.57703209386875,3675.2696765848227,868.8105097794698,3360.97412109375,10465.585327148438,-372.7011413574219,39.41172790527344,177.1399383544922,21.764938354492188,14.353668212890625,18.976715087890625,-18.47264862060547,11.4533109664917,-14.053492546081543,6.821386814117432,9.227011680603027,5.098783493041992,8.697643280029297,4.225919723510742,3.926839828491211,7.423577785491943,-3.2516212463378906,8.210658073425293,8.58568286895752,8.332411766052246,-5.75523042678833,7.318729400634766,-8.697920799255371,12.263222694396973,-5.140121936798096,4.717740058898926,44100,0.55,D:/DU-SEM2/Period 1/Data Collection/Lab 3 Audio Folder/archive/selected_4x20/dog_bark/44110-3-1-0.wav,44110-3-1-0.wav,dog_bark
0.16327983469202897,0.02624975154463547,0.037470970302820206,0.005364738870412111,5385.606240372158,1149.887167114329,4390.053960651486,789.0496429859705,9498.32710597826,15333.138586956522,-282.8144836425781,34.561729431152344,17.345348358154297,26.964479446411133,-88.1044692993164,30.2734317779541,-16.28424835205078,17.74597930908203,-1.0656909942626953,11.930652618408203,-20.76903533935547,13.547794342041016,-40.87636947631836,11.91738510131836,-16.637001037597656,8.978961944580078,-16.291641235351562,5.622304439544678,-11.872394561767578,9.850899696350098,-37.06456756591797,12.261662483215332,-35.03934097290039,11.01773452758789,-5.818985462188721,11.036852836608887,44100,4.0,D:/DU-SEM2/Period 1/Data Collection/Lab 3 Audio Folder/archive/selected_4x20/dog_bark/20571-3-1-0.wav,20571-3-1-0.wav,dog_bark
0.0700874660326087,0.01092063351234941,0.02731774002313614,0.005002350080758333,2937.1387927520273,215.1340772021056,2806.66209092034,147.78133976166504,6303.299082880435,8305.762143342392,-335.8559265136719,8.395448684692383,136.0590362548828,8.461089134216309,-66.92414855957031,6.268391132354736,41.443233489990234,6.36214542388916,-86.07987976074219,4.9807305335998535,-6.22497034072876,5.666444301605225,28.988094329833984,6.078819274902344,28.242965698242188,7.675023555755615,32.452144622802734,6.374090194702148,9.917196273803711,5.984015941619873,9.799152374267578,5.130558967590332,-8.986474990844727,4.488795280456543,3.0197577476501465,4.366103649139404,44100,4.0,D:/DU-SEM2/Period 1/Data Collection/Lab 3 Audio Folder/archive/selected_4x20/dog_bark/122199-3-1-1.wav,122199-3-1-1.wav,dog_bark
0.00660499366554054,0.00788953707704231,0.05345681309700012,0.027646608650684357,992.8762314898474,1237.437317962144,2240.746390648537,569.4935293993873,1498.5945418074325,4312.169420396959,-391.1732177734375,38.72910690307617,174.52316284179688,27.473154067993164,8.948556900024414,9.67232894897461,6.355085849761963,10.393342971801758,8.954045295715332,8.354231834411621,7.878300189971924,5.77401876449585,11.318655967712402,4.667909622192383,5.731504440307617,7.898501396179199,4.852208137512207,7.231499671936035,3.3685669898986816,4.465438365936279,8.394784927368164,4.319417953491211,8.623366355895996,3.557650327682495,9.191701889038086,4.278914928436279,44100,1.715419501133787,D:/DU-SEM2/Period 1/Data Collection/Lab 3 Audio Folder/archive/selected_4x20/dog_bark/57553-3-0-0.wav,57553-3-0-0.wav,dog_bark
0.08311060855263158,0.027715953796266832,0.01933535747230053,0.00968019850552082,3064.7256909326065,310.43134827887764,4111.956020975969,825.807082643544,4855.548416940789,13255.008737664473,-355.2537841796875,29.595014572143555,136.49468994140625,10.46025276184082,-4.98704195022583,23.342899322509766,4.770895957946777,6.7567548751831055,27.180295944213867,15.078149795532227,10.431888580322266,6.602437496185303,-27.193809509277344,14.44724178314209,-14.106321334838867,9.49782657623291,10.67739200592041,9.704390525817871,15.321634292602539,8.468952178955078,-15.601019859313965,9.604531288146973,-14.008465766906738,9.11180305480957,11.117045402526855,7.627218246459961,44100,1.32,D:/DU-SEM2/Period 1/Data Collection/Lab 3 Audio Folder/archive/selected_4x20/dog_bark/160575-3-7-0.wav,160575-3-7-0.wav,dog_bark
0.013097259963768116,0.006685173005588853,0.002686247695237398,0.004175466950982809,1895.051025612825,264.27870872701504,3531.801881561944,588.4490791311953,4053.485054347826,10310.721807065218,-606.8137817382812,41.52913284301758,147.49989318847656,24.997028350830078,20.947378158569336,14.815832138061523,21.04207992553711,14.667019844055176,-3.581641674041748,9.677526473999023,3.0724287033081055,8.685100555419922,0.40154728293418884,4.230406761169434,1.9220197200775146,4.873904705047607,-2.6327242851257324,9.015746116638184,-1.3940651416778564,5.777400970458984,2.822036027908325,4.292783260345459,-0.030371226370334625,4.361082077026367,6.045310974121094,4.767062664031982,44100,4.0,D:/DU-SEM2/Period 1/Data Collection/Lab 3 Audio Folder/archive/selected_4x20/dog_bark/61250-3-0-36.wav,61250-3-0-36.wav,dog_bark
0.06850232110507247,0.03585545146728821,0.023494509980082512,0.05204756557941437,3201.1198878769815,1176.1187309203763,3639.1300471740687,991.7475632433125,6965.148607336957,11115.314622961956,-436.64093017578125,115.27716064453125,87.82731628417969,43.65776062011719,-11.559267044067383,36.56538772583008,-13.256994247436523,22.650936126708984,-23.02030372619629,18.4919490814209,-2.049314260482788,11.902487754821777,-4.979299068450928,15.874491691589355,6.182226657867432,12.055480003356934,11.108847618103027,9.343805313110352,7.021288871765137,8.32776927947998,7.04172420501709,7.639161586761475,12.388089179992676,9.634848594665527,10.995795249938965,9.194293022155762,44100,4.0,D:/DU-SEM2/Period 1/Data Collection/Lab 3 Audio Folder/archive/selected_4x20/dog_bark/184575-3-0-2.wav,184575-3-0-2.wav,dog_bark
0.022819010416666667,0.008895799558121148,0.05507627874612808,0.01541755348443985,2965.966758255289,540.6990555396767,5825.790405303374,463.62665641790767,8150.223760190217,18218.58780570652,-337.65399169921875,12.14237117767334,127.80201721191406,10.394495010375977,83.95830535888672,8.008413314819336,28.255245208740234,10.053807258605957,33.18677520751953,5.732249736785889,3.346050262451172,6.3629021644592285,10.884307861328125,6.133156776428223,16.610145568847656,5.1396164894104,2.9739990234375,6.505898475646973,-9.09874153137207,5.740090370178223,-4.748733997344971,5.985457897186279,3.2681853771209717,5.483246803283691,-1.8015941381454468,5.162142753601074,44100,4.0,D:/DU-SEM2/Period 1/Data Collection/Lab 3 Audio Folder/archive/selected_4x20/dog_bark/95549-3-0-7.wav,95549-3-0-7.wav,dog_bark
0.033599411231884056,0.022082676599335396,0.0509183369576931,0.061960455030202866,2080.513207685643,662.0610017659512,3194.90549676061,855.9562899611782,3555.7247792119565,9205.78761888587,-353.8603820800781,93.63285064697266,136.64404296875,41.52839660644531,-11.06767749786377,33.94853210449219,5.673882484436035,25.62339210510254,-6.328505516052246,38.17496871948242,-13.934009552001953,10.832045555114746,-6.817948818206787,17.102863311767578,12.21210765838623,18.680662155151367,5.477665901184082,10.965020179748535,1.7313830852508545,9.06994915008545,12.510581016540527,9.79592227935791,4.825908184051514,12.267916679382324,6.164675235748291,10.241716384887695,44100,4.0,D:/DU-SEM2/Period 1/Data Collection/Lab 3 Audio Folder/archive/selected_4x20/dog_bark/49808-3-1-8.wav,49808-3-1-8.wav,dog_bark
0.051545516304347824,0.029482901976566393,0.018616443499922752,0.004202116746455431,2897.490536858673,624.2913266360173,4239.62349282487,415.77903634672623,5652.684273097826,13359.88578464674,-354.3462829589844,26.85235023498535,132.64109802246094,17.40326690673828,-5.779304027557373,16.65920066833496,19.3078556060791,22.20950698852539,3.5569851398468018,15.3701753616333,3.6486704349517822,17.80521583557129,27.21430015563965,12.5277738571167,10.397749900817871,10.705449104309082,5.405251502990723,10.765162467956543,11.91344928741455,10.100824356079102,-0.8933185338973999,10.561003684997559,18.99260711669922,12.304381370544434,3.5951826572418213,7.506932735443115,44100,4.0,D:/DU-SEM2/Period 1/Data Collection/Lab 3 Audio Folder/archive/selected_4x20/dog_bark/70168-3-1-11.wav,70168-3-1-11.wav,dog_bark
0.039869225543478264,0.013109191811794292,0.034466348588466644,0.027569999918341637,1393.331153962462,195.09311878594374,1785.0991702661884,414.4208202221815,2315.037788722826,4066.0304857336955,-338.716796875,42.831787109375,217.73609924316406,20.061147689819336,-38.78303909301758,17.781723022460938,-8.588008880615234,10.168916702270508,13.21392822265625,21.852218627929688,-3.4000871181488037,6.421006202697754,16.847320556640625,7.788402557373047,5.950103282928467,11.186124801635742,-1.1537004709243774,8.211466789245605,14.04701042175293,5.3945231437683105,9.922093391418457,5.787125110626221,-0.8850014209747314,5.740504741668701,-3.851440191268921,6.545741558074951,44100,4.0,D:/DU-SEM2/Period 1/Data Collection/Lab 3 Audio Folder/archive/selected_4x20/dog_bark/34871-3-6-0.wav,34871-3-6-0.wav,dog_bark
0.011507474459134616,0.006397933723391725,0.034490153193473816,0.018367037177085876,1102.5929445856534,284.5378942948537,2883.4700532586935,565.2170261242065,1247.2693810096155,5404.005784254808,-421.96563720703125,26.08555030822754,187.3535919189453,22.567434310913086,37.392887115478516,11.653302192687988,9.347222328186035,16.21666145324707,2.544341564178467,10.239930152893066,7.410023212432861,7.1951446533203125,13.441878318786621,6.892672538757324,2.35499906539917,6.649238586425781,-3.920619010925293,7.696460247039795,0.5929291248321533,5.511264324188232,1.1958982944488525,4.91936731338501,0.556093692779541,8.044893264770508,1.1189260482788086,7.180017471313477,44100,1.1998639455782314,D:/DU-SEM2/Period 1/Data Collection/Lab 3 Audio Folder/archive/selected_4x20/dog_bark/12647-3-1-0.wav,12647-3-1-0.wav,dog_bark
0.10110818614130435,0.022588267064944725,0.09019789844751358,0.026094520464539528,2820.8427687992576,308.3771332927282,2633.995673140705,100.48281309095017,5028.221382472826,7583.120329483696,-144.9332275390625,27.1676025390625,170.12498474121094,11.348424911499023,-68.1327133178711,8.16720962524414,58.38473892211914,6.912320137023926,-25.22083854675293,6.925891876220703,-6.145180702209473,8.772635459899902,-4.3756208419799805,6.6942267417907715,18.705961227416992,6.030287742614746,-21.115367889404297,5.056290149688721,-1.5827038288116455,5.118937015533447,5.60841703414917,4.194506645202637,-9.441734313964844,3.7047855854034424,-6.429396152496338,4.269151210784912,44100,4.0,D:/DU-SEM2/Period 1/Data Collection/Lab 3 Audio Folder/archive/selected_4x20/drilling/180125-4-3-1.wav,180125-4-3-1.wav,drilling
0.09509878849637682,0.009992845648572658,0.035728029906749725,0.006654808763414621,3441.0685419802144,166.18837481812258,3551.7127958497413,84.44189481544028,7143.406080163043,10779.521484375,-193.06236267089844,22.131452560424805,131.3686981201172,5.416913986206055,-50.67546463012695,4.960597038269043,31.932382583618164,4.3400187492370605,-23.625967025756836,5.083185195922852,19.361642837524414,4.503713130950928,-14.406360626220703,4.646333694458008,0.0355939120054245,4.391393661499023,-8.91463565826416,4.1250786781311035,0.7630069255828857,4.489423751831055,1.5918446779251099,4.547122478485107,1.8890876770019531,4.662117958068848,1.3913918733596802,3.777731418609619,44100,4.0,D:/DU-SEM2/Period 1/Data Collection/Lab 3 Audio Folder/archive/selected_4x20/drilling/130961-4-2-2.wav,130961-4-2-2.wav,drilling
0.08262992527173912,0.010315032675368799,0.05027720704674721,0.010014524683356285,3276.2501311939127,177.63265168829042,3566.875166387451,106.91057037270936,7125.368121603261,10809.543138586956,-168.96115112304688,21.75612449645996,138.47811889648438,5.870584964752197,-46.4544563293457,4.503316402435303,27.831119537353516,4.299846649169922,-26.125690460205078,5.015432834625244,20.11087417602539,4.61122989654541,-20.68243980407715,5.8918023109436035,2.608968734741211,4.084644794464111,-5.927482604980469,4.13930606842041,3.1529769897460938,4.201855659484863,4.316834449768066,3.807981014251709,2.6449601650238037,3.4669909477233887,6.145288944244385,3.810943603515625,44100,4.0,D:/DU-SEM2/Period 1/Data Collection/Lab 3 Audio Folder/archive/selected_4x20/drilling/130961-4-3-2.wav,130961-4-3-2.wav,drilling
0.30739781476449274,0.01521368843872298,0.13274119794368744,0.004528396762907505,7617.904840582271,130.0442362026772,4981.108825699185,61.046516892212665,13133.693529211956,16502.048233695652,-49.50526428222656,4.055429458618164,-7.122319221496582,3.5656890869140625,-63.40484619140625,3.414398431777954,-32.21604919433594,3.3162102699279785,-71.55242156982422,3.5438551902770996,-20.85857391357422,3.867778778076172,-36.033416748046875,3.684149980545044,-13.558954238891602,3.9745895862579346,-25.26528549194336,3.4475722312927246,-9.574063301086426,3.5913302898406982,-17.866121292114258,3.63261079788208,-9.590775489807129,3.8387293815612793,-11.783825874328613,3.6851212978363037,44100,4.0,D:/DU-SEM2/Period 1/Data Collection/Lab 3 Audio Folder/archive/selected_4x20/drilling/24364-4-0-6.wav,24364-4-0-6.wav,drilling
0.16580474411231885,0.011497244001542662,0.022478342056274414,0.00692317308858037,4543.35382460745,274.3459140431103,3366.572182108163,175.99860595804313,8149.724439538043,11157.257557744566,-261.1714782714844,30.739887237548828,79.00406646728516,14.567584037780762,-102.23571014404297,3.8749475479125977,38.80888748168945,7.579741477966309,-24.337146759033203,3.6693053245544434,24.95348358154297,3.6523618698120117,-30.455305099487305,3.8213441371917725,21.13616180419922,2.8055338859558105,2.7453036308288574,3.5408055782318115,3.2326998710632324,3.504199504852295,-15.107601165771484,3.6838834285736084,13.144036293029785,4.411347389221191,-12.658863067626953,4.35744047164917,44100,4.0,D:/DU-SEM2/Period 1/Data Collection/Lab 3 Audio Folder/archive/selected_4x20/drilling/14110-4-0-1.wav,14110-4-0-1.wav,drilling
0.21624490489130435,0.0687814368265212,0.06632325053215027,0.03065088391304016,5525.066791201213,1165.8398208524347,4384.569596381168,621.3388439009486,10589.28031589674,13983.225203804348,-119.59950256347656,44.09101486206055,76.33137512207031,23.199363708496094,-43.968326568603516,19.10576057434082,19.359790802001953,5.076169490814209,-26.98731231689453,8.574010848999023,14.594863891601562,5.27257776260376,-5.628328800201416,4.124663352966309,8.284253120422363,4.852283000946045,-0.05274176225066185,5.590278625488281,16.3123779296875,4.646938800811768,-6.664900302886963,6.563179969787598,9.560221672058105,4.265133380889893,2.2794549465179443,5.360657691955566,44100,4.0,D:/DU-SEM2/Period 1/Data Collection/Lab 3 Audio Folder/archive/selected_4x20/drilling/58005-4-0-40.wav,58005-4-0-40.wav,drilling
0.14118687726449275,0.016697736383311877,0.15042731165885925,0.01805298589169979,4217.093231922415,252.6082195697872,3808.534047764418,219.69292807459215,8305.886973505434,12682.744565217392,-40.250553131103516,9.921456336975098,99.21533203125,5.746635913848877,-72.34962463378906,4.850080966949463,11.686338424682617,3.965454578399658,-29.75507164001465,3.9430489540100098,10.025511741638184,3.5736162662506104,-24.004560470581055,3.542356491088867,18.6462459564209,3.3372225761413574,-11.41172981262207,3.351071357727051,4.851238250732422,3.9542438983917236,-7.368646621704102,3.6780192852020264,8.652314186096191,4.055436611175537,-10.719071388244629,3.6003193855285645,44100,4.0,D:/DU-SEM2/Period 1/Data Collection/Lab 3 Audio Folder/archive/selected_4x20/drilling/166931-4-2-7.wav,166931-4-2-7.wav,drilling
0.08034278759057971,0.00906106050296821,0.09705384075641632,0.005751305725425482,2969.74143852189,165.17259546271887,3266.28157713958,93.89873750888275,5600.380434782609,9962.944972826086,-110.4142074584961,8.541637420654297,149.4027557373047,5.364740371704102,-41.911460876464844,4.430954933166504,44.367713928222656,4.637105464935303,-22.518308639526367,5.279479503631592,-6.679792881011963,4.228085041046143,-9.552281379699707,4.294658184051514,13.040237426757812,3.41900897026062,-12.906926155090332,4.292348384857178,7.23174524307251,3.8801333904266357,-0.41865724325180054,3.8593738079071045,-5.831145286560059,4.527121067047119,-4.1806182861328125,3.57796049118042,44100,4.0,D:/DU-SEM2/Period 1/Data Collection/Lab 3 Audio Folder/archive/selected_4x20/drilling/180125-4-1-7.wav,180125-4-1-7.wav,drilling
0.30204512001811595,0.016963873074971325,0.08653061091899872,0.0038132735062390566,7371.296032543802,160.76591414550316,4811.636265256618,73.03937690916328,12552.733950407608,16234.162703804348,-93.82098388671875,6.003829479217529,13.454423904418945,4.438078880310059,-43.2969970703125,4.507716178894043,22.151796340942383,3.713864803314209,-6.001606464385986,4.294086456298828,17.05843734741211,4.941583156585693,-3.547637939453125,3.716550588607788,23.406158447265625,3.482997179031372,-10.7492036819458,3.73600435256958,-4.762930393218994,3.3734796047210693,-5.100076198577881,3.6268603801727295,7.562261581420898,3.550924062728882,-3.8429293632507324,3.875666856765747,44100,4.0,D:/DU-SEM2/Period 1/Data Collection/Lab 3 Audio Folder/archive/selected_4x20/drilling/180134-4-2-16.wav,180134-4-2-16.wav,drilling
0.08468636775362319,0.007619079338804019,0.07857613265514374,0.0033416422083973885,2258.710458175843,82.54471248230807,2177.2419423943866,57.17931974505408,4550.870838994565,5477.734799592391,-196.98667907714844,5.358675956726074,211.55203247070312,4.433353900909424,-81.61447143554688,3.70629620552063,60.505943298339844,3.8049428462982178,4.029010772705078,4.089531421661377,-16.874958038330078,3.5165467262268066,22.532997131347656,3.366548538208008,5.280130863189697,3.000192642211914,-17.331199645996094,3.798048257827759,0.0663469061255455,2.9838593006134033,10.292163848876953,2.7878658771514893,-14.227887153625488,2.8267807960510254,-8.390777587890625,2.4890589714050293,44100,4.0,D:/DU-SEM2/Period 1/Data Collection/Lab 3 Audio Folder/archive/selected_4x20/drilling/180127-4-0-21.wav,180127-4-0-21.wav,drilling
0.20101052989130436,0.011253131744904329,0.01170483697205782,0.001174648990854621,5989.52177292756,179.25313593525337,4600.259299811367,109.64038228066525,10869.024711277174,16413.231572690216,-292.5761413574219,10.94555377960205,20.691558837890625,4.704815864562988,-77.49713897705078,3.6989076137542725,3.6573758125305176,3.5119667053222656,-13.367515563964844,3.6899731159210205,0.7241944074630737,3.262392997741699,-4.0321502685546875,3.6810221672058105,4.134345054626465,3.7845265865325928,-2.5616981983184814,3.4236953258514404,-9.135971069335938,3.6831135749816895,-14.55141544342041,3.5782432556152344,0.6443195939064026,3.7926688194274902,-1.956576943397522,3.6965997219085693,44100,4.0,D:/DU-SEM2/Period 1/Data Collection/Lab 3 Audio Folder/archive/selected_4x20/drilling/161129-4-0-19.wav,161129-4-0-19.wav,drilling
0.20173092164855072,0.07706245330956196,0.038847535848617554,0.015908000990748405,5950.004533422429,947.3364231398361,4384.3617952517325,341.2196879554763,10870.210597826086,14201.615574048914,-207.1266632080078,128.06007385253906,51.448177337646484,29.04831886291504,-42.122249603271484,18.288103103637695,24.835351943969727,15.827595710754395,-37.594505310058594,15.296116828918457,12.583577156066895,7.472885608673096,-2.301513433456421,9.930659294128418,10.23979377746582,7.459318161010742,-6.50120735168457,7.747326374053955,6.8239312171936035,6.148221015930176,-12.534134864807129,7.432523727416992,1.862864375114441,5.136467933654785,-1.4202502965927124,5.844568252563477,44100,0.8,D:/DU-SEM2/Period 1/Data Collection/Lab 3 Audio Folder/archive/selected_4x20/drilling/71087-4-1-0.wav,71087-4-1-0.wav,drilling
0.05510158164828431,0.011277734711111705,0.08298954367637634,0.04828423634171486,2382.134844838906,434.3098048577814,3242.8922449645947,436.63860579375665,4000.848029641544,10796.156939338236,-208.8662872314453,101.21041870117188,174.1634521484375,13.372574806213379,-34.71247100830078,18.352527618408203,-14.132205963134766,11.018442153930664,-23.78030776977539,11.012304306030273,17.576627731323242,11.4229154586792,-42.918601989746094,12.104656219482422,15.67407512664795,9.590243339538574,-24.089365005493164,8.29425048828125,-0.4253106117248535,6.916907787322998,-9.915772438049316,6.328338623046875,-1.9359816312789917,4.195465087890625,1.1949905157089233,6.326206684112549,44100,2.366439909297052,D:/DU-SEM2/Period 1/Data Collection/Lab 3 Audio Folder/archive/selected_4x20/drilling/167701-4-11-0.wav,167701-4-11-0.wav,drilling
0.06371716485507246,0.0121658394646897,0.1115148589015007,0.048944368958473206,1884.6756399778117,274.1667463148952,2056.372817445291,324.37143119617485,3028.816661005435,4864.194548233696,-164.10801696777344,50.32692337036133,209.8128662109375,20.179738998413086,-68.54393005371094,6.027132511138916,2.868509531021118,7.357292175292969,12.155630111694336,4.419699668884277,8.47269344329834,8.555096626281738,-21.9643497467041,4.324547290802002,10.58955192565918,7.33074426651001,-4.922399997711182,8.480968475341797,10.614312171936035,6.0568952560424805,3.7848870754241943,5.25761604309082,6.047976016998291,4.460049629211426,-3.5660698413848877,4.487412929534912,44100,4.0,D:/DU-SEM2/Period 1/Data Collection/Lab 3 Audio Folder/archive/selected_4x20/drilling/54976-4-1-1.wav,54976-4-1-1.wav,drilling
0.05696307488207547,0.02127986950941387,0.02742001973092556,0.016108624637126923,3351.2008733724897,753.0388323990242,4055.5904714201583,415.1463932854911,7222.3582141804245,12682.24406692217,-287.89361572265625,136.12857055664062,134.21978759765625,15.112594604492188,-27.26494026184082,20.12912940979004,26.914962768554688,9.901382446289062,7.800184726715088,12.177837371826172,9.464323997497559,7.008921146392822,-23.456649780273438,14.129680633544922,10.972322463989258,6.393831729888916,-19.881933212280273,15.024981498718262,5.375371932983398,6.060288906097412,-11.421165466308594,7.509960174560547,-0.45487821102142334,4.450811862945557,-8.770998001098633,6.189449787139893,44100,1.2259637188208616,D:/DU-SEM2/Period 1/Data Collection/Lab 3 Audio Folder/archive/selected_4x20/drilling/180029-4-8-0.wav,180029-4-8-0.wav,drilling
0.07068359375,0.038305850474072395,0.061265863478183746,0.07679735124111176,3167.9504128439426,963.5725894196127,3347.7857862423225,505.24308894576495,6292.86328125,10015.0927734375,-334.2114562988281,179.14590454101562,107.35476684570312,14.875580787658691,-59.592262268066406,47.62577819824219,-2.440819025039673,21.26881980895996,-51.531166076660156,40.349021911621094,-8.563687324523926,14.26955509185791,-21.31060218811035,21.86077880859375,11.075511932373047,9.923656463623047,-0.43998149037361145,11.020663261413574,1.9925258159637451,4.257094860076904,-0.6252070069313049,4.5090508460998535,-11.140616416931152,12.415961265563965,-1.7576032876968384,5.906491756439209,44100,0.57,D:/DU-SEM2/Period 1/Data Collection/Lab 3 Audio Folder/archive/selected_4x20/drilling/96159-4-1-0.wav,96159-4-1-0.wav,drilling
0.12090268342391304,0.033151281901744156,0.1267448365688324,0.03274722397327423,3302.1268881217234,619.4501257097536,2542.9783427318994,279.6198827457819,5791.058508831522,8912.686396059782,-125.65184783935547,24.138708114624023,148.53564453125,28.32405662536621,-121.97254180908203,14.308176040649414,55.002235412597656,7.361297130584717,-35.68400573730469,6.102768898010254,14.672052383422852,14.641783714294434,-43.139408111572266,5.819202423095703,-7.022526264190674,9.227181434631348,-2.8548994064331055,5.625522136688232,-8.632560729980469,5.138407230377197,5.356793403625488,4.416561603546143,-23.33001708984375,4.85215425491333,7.434457302093506,7.3784966468811035,44100,4.0,D:/DU-SEM2/Period 1/Data Collection/Lab 3 Audio Folder/archive/selected_4x20/drilling/76086-4-0-50.wav,76086-4-0-50.wav,drilling
0.15462522644927537,0.008811207304519897,0.1379483938217163,0.021588768810033798,3771.836188988246,133.90623235171694,2175.458264453356,158.75549058507661,5788.811565896739,8344.896399456522,-141.64596557617188,20.915624618530273,112.16848754882812,10.046342849731445,-181.7741241455078,10.627346992492676,52.6302490234375,7.4064507484436035,-49.894203186035156,6.583195686340332,17.043500900268555,7.794347763061523,-25.61705207824707,7.917651653289795,-2.491497039794922,8.041807174682617,-5.319766521453857,8.566473007202148,-14.076478958129883,7.070971965789795,9.75803279876709,5.603822708129883,-15.50500774383545,4.932065010070801,2.6497232913970947,5.948068618774414,44100,4.0,D:/DU-SEM2/Period 1/Data Collection/Lab 3 Audio Folder/archive/selected_4x20/drilling/76085-4-0-14.wav,76085-4-0-14.wav,drilling
0.06008689990942029,0.026640794242120725,0.04515697807073593,0.009517421945929527,3455.1273266820467,1046.6258517667231,4418.00115524103,569.5759955779639,8850.645805027174,13374.802989130434,-284.9620056152344,42.04877471923828,140.29440307617188,14.946462631225586,23.38625717163086,14.293033599853516,79.21802520751953,8.90186595916748,-17.621091842651367,10.21591854095459,14.699463844299316,7.233893394470215,-39.310035705566406,10.398259162902832,44.59901809692383,7.617610931396484,-12.706765174865723,6.1984663009643555,-3.1227920055389404,4.848851203918457,-4.739688873291016,4.868431091308594,19.516881942749023,6.116415977478027,-20.912513732910156,5.320553302764893,44100,4.0,D:/DU-SEM2/Period 1/Data Collection/Lab 3 Audio Folder/archive/selected_4x20/drilling/50629-4-1-4.wav,50629-4-1-4.wav,drilling
0.1029679008152174,0.01039699588858188,0.1520887166261673,0.026455268263816833,2620.3395914656003,68.04263953558363,1721.2373553196169,88.58102578428844,3681.990489130435,5933.801800271739,-146.4755096435547,33.43503952026367,170.75320434570312,8.797532081604004,-148.9565887451172,9.131510734558105,20.911813735961914,7.653188705444336,-19.74622344970703,6.223635196685791,21.456335067749023,6.613010883331299,-27.99578285217285,5.083491802215576,-10.521981239318848,4.761538028717041,-2.188622236251831,4.829418182373047,-5.2950663566589355,4.859135150909424,7.806124687194824,5.427712440490723,-4.684622287750244,4.758440971374512,4.04067325592041,3.8201217651367188,44100,1.3251927437641724,D:/DU-SEM2/Period 1/Data Collection/Lab 3 Audio Folder/archive/selected_4x20/drilling/103199-4-6-0.wav,103199-4-6-0.wav,drilling
0.04126471920289855,0.015275721515315614,0.08806648850440979,0.01938099041581154,1792.150241307337,390.1029941858448,2449.036945265117,234.98889020868717,3392.883831521739,6800.56003736413,-196.29759216308594,18.28767204284668,197.66636657714844,13.396566390991211,-43.54082489013672,11.898271560668945,37.63759231567383,8.966049194335938,-22.113725662231445,8.512441635131836,13.063436508178711,7.102856159210205,0.33464646339416504,7.411006450653076,8.188801765441895,8.448280334472656,14.792059898376465,8.55087661743164,6.837121963500977,7.325598239898682,10.228463172912598,8.54150390625,-7.834406852722168,7.724981307983398,-0.163224995136261,7.973141193389893,44100,4.0,D:/DU-SEM2/Period 1/Data Collection/Lab 3 Audio Folder/archive/selected_4x20/siren/57323-8-0-4.wav,57323-8-0-4.wav,siren
0.041278872282608695,0.007423314458563457,0.004859265871345997,0.0017058545490726829,1822.8293928516105,192.70273955521102,3191.360546957557,292.6534837707353,2490.673828125,8231.613026494566,-535.1611328125,11.517170906066895,174.19973754882812,7.456081390380859,-1.6755017042160034,6.924643039703369,-0.7275535464286804,4.883440017700195,-7.497613906860352,5.6587371826171875,-7.391242027282715,5.992847919464111,-2.2007083892822266,9.763640403747559,9.346839904785156,8.275740623474121,10.761931419372559,7.378779888153076,13.88626480102539,7.4688944816589355,-1.7949455976486206,10.291324615478516,-5.3035759925842285,8.67109203338623,-9.462699890136719,8.07327651977539,44100,4.0,D:/DU-SEM2/Period 1/Data Collection/Lab 3 Audio Folder/archive/selected_4x20/siren/74726-8-0-3.wav,74726-8-0-3.wav,siren
0.06043365036231884,0.014854041151733768,0.18895329535007477,0.08186261355876923,2192.8682716477215,336.1582071548936,2114.400717546681,289.8879642948061,3462.351817255435,6105.880180027174,-328.7653503417969,39.53693771362305,93.2817611694336,16.04973793029785,-34.47041320800781,18.06235122680664,-4.695370674133301,12.15643310546875,-22.209203720092773,15.067501068115234,0.04646509140729904,15.10239028930664,9.893331527709961,22.182294845581055,20.62200164794922,18.019439697265625,17.297340393066406,17.085704803466797,4.245823860168457,24.476669311523438,-0.09431081265211105,22.555776596069336,3.0479745864868164,19.15268898010254,7.655526638031006,22.96921730041504,44100,4.0,D:/DU-SEM2/Period 1/Data Collection/Lab 3 Audio Folder/archive/selected_4x20/siren/157867-8-0-19.wav,157867-8-0-19.wav,siren
0.027676347373188404,0.0063399178295721025,0.041383013129234314,0.0061930762603878975,1418.6103537779525,224.92431370744742,2485.801476949668,325.79519665032336,2137.9037873641305,5556.315387228261,-288.0154113769531,14.689370155334473,206.30532836914062,12.905810356140137,-15.539670944213867,6.4159111976623535,0.8817314505577087,5.877407550811768,-8.142001152038574,5.693037986755371,14.01712703704834,5.2843852043151855,4.014744758605957,4.578211784362793,12.418611526489258,4.323554992675781,6.909435749053955,4.151582717895508,4.842219352722168,4.491250991821289,4.374008655548096,4.54807710647583,8.713665962219238,4.128889560699463,6.562012195587158,4.167268753051758,44100,4.0,D:/DU-SEM2/Period 1/Data Collection/Lab 3 Audio Folder/archive/selected_4x20/siren/158608-8-0-2.wav,158608-8-0-2.wav,siren
0.06988649230072463,0.036531606663640644,0.010750193148851395,0.0013389014638960361,3124.1729058471137,534.7074345578582,4232.108194825166,507.64755634341486,6658.690557065217,13591.00883152174,-348.11419677734375,19.230621337890625,141.7676239013672,11.8388090133667,-18.29117774963379,7.351535320281982,-2.1198909282684326,7.500260353088379,-2.996539831161499,6.443040370941162,19.694957733154297,7.338622093200684,-1.0376986265182495,6.895968914031982,31.76524543762207,6.344114303588867,2.428365468978882,7.042937278747559,5.881458759307861,6.937378883361816,-13.183205604553223,5.812015056610107,13.785234451293945,6.163830757141113,1.1905416250228882,7.1687331199646,44100,4.0,D:/DU-SEM2/Period 1/Data Collection/Lab 3 Audio Folder/archive/selected_4x20/siren/123688-8-0-15.wav,123688-8-0-15.wav,siren
0.05931272644927536,0.008789062044184217,0.02474687620997429,0.012136251665651798,1657.0743627856357,135.25683906910194,2020.7617813211664,223.10356400916694,2752.7547554347825,5065.420771059783,-372.9183654785156,18.559206008911133,188.36277770996094,8.181541442871094,-42.0081672668457,8.780304908752441,19.521785736083984,6.859045028686523,0.22559726238250732,6.929251194000244,6.419917583465576,6.9623942375183105,6.089592456817627,5.83866548538208,5.383627891540527,5.7717156410217285,6.06602144241333,5.734012603759766,-3.5197949409484863,4.774780750274658,-4.340147018432617,6.803168773651123,-3.8800485134124756,6.147660732269287,0.29005053639411926,5.278391361236572,44100,4.0,D:/DU-SEM2/Period 1/Data Collection/Lab 3 Audio Folder/archive/selected_4x20/siren/90014-8-0-6.wav,90014-8-0-6.wav,siren
0.0600486865942029,0.011752517126247192,0.28139397501945496,0.16099615395069122,2314.5227482194855,419.25990891159364,2799.3532248860806,524.3924820949658,4041.3765285326085,8377.726732336956,-123.13391876220703,31.264955520629883,152.0644073486328,22.2469482421875,-41.857513427734375,10.966716766357422,2.978752613067627,13.15544605255127,-23.183563232421875,7.865238189697266,8.249833106994629,10.296321868896484,9.1891508102417,14.53593921661377,20.948562622070312,9.139596939086914,1.912955403327942,12.088151931762695,-2.529679298400879,11.949875831604004,1.7114933729171753,9.248612403869629,4.5420145988464355,10.681358337402344,7.772517681121826,9.765351295471191,44100,4.0,D:/DU-SEM2/Period 1/Data Collection/Lab 3 Audio Folder/archive/selected_4x20/siren/165166-8-0-6.wav,165166-8-0-6.wav,siren
0.054666270380434784,0.006771864855697766,0.1590338498353958,0.02937757782638073,1622.7663172664593,102.14132910867697,1487.467141183572,119.03975844574408,2716.4291779891305,4258.955502717391,-186.8613739013672,11.08305835723877,216.1265411376953,7.274375915527344,-81.40904998779297,8.146500587463379,-3.503164291381836,7.280449867248535,-15.330160140991211,8.132122039794922,-14.887063026428223,7.972714900970459,0.25174614787101746,10.731462478637695,4.931272029876709,14.776155471801758,12.294868469238281,11.056403160095215,0.13499879837036133,9.400613784790039,6.226983547210693,9.19670295715332,5.77714204788208,9.096231460571289,11.22109603881836,7.388710021972656,44100,4.0,D:/DU-SEM2/Period 1/Data Collection/Lab 3 Audio Folder/archive/selected_4x20/siren/24347-8-0-49.wav,24347-8-0-49.wav,siren
0.0479591259057971,0.004888418004327258,0.011788062751293182,0.0028837881982326508,1644.2364599421674,180.41352890423317,2034.4569055054667,294.38739743623785,2672.8634510869565,5146.06105638587,-399.3383483886719,23.511756896972656,212.87449645996094,14.28497314453125,-54.54418182373047,8.251506805419922,3.5957651138305664,6.296834468841553,-21.804542541503906,6.418543338775635,1.0373547077178955,5.571974277496338,-7.315402984619141,7.230268478393555,11.68941879272461,6.393949508666992,2.03999662399292,5.900559425354004,4.340640068054199,7.259908676147461,0.04695531725883484,6.699524879455566,8.70251750946045,6.294205665588379,4.706511974334717,5.159483432769775,44100,4.0,D:/DU-SEM2/Period 1/Data Collection/Lab 3 Audio Folder/archive/selected_4x20/siren/24347-8-0-4.wav,24347-8-0-4.wav,siren
0.04975939764492754,0.005882154441553627,0.045208994299173355,0.007345940452069044,1545.9583111196905,94.44394784419022,1772.8565399686547,156.46180615808072,2447.607421875,4717.893597146739,-299.4657897949219,8.304442405700684,214.37692260742188,6.900445461273193,-57.422088623046875,6.829869747161865,6.490292549133301,6.439062595367432,-23.998437881469727,7.567727565765381,3.177501916885376,5.135782241821289,0.42561861872673035,5.260303497314453,5.621667385101318,7.788365364074707,10.022879600524902,8.139904022216797,-2.342755079269409,7.715304374694824,4.796402931213379,6.788857460021973,9.80416202545166,6.654861927032471,10.321020126342773,7.331552982330322,44100,4.0,D:/DU-SEM2/Period 1/Data Collection/Lab 3 Audio Folder/archive/selected_4x20/siren/24347-8-0-16.wav,24347-8-0-16.wav,siren
0.05713598278985507,0.006329881634770542,0.07864011079072952,0.011416366323828697,1711.1796087390333,154.29029644252256,1650.3071916849385,196.1167105323864,2393.743206521739,5085.892917798913,-260.4111328125,14.096695899963379,197.82980346679688,14.059334754943848,-85.90013122558594,13.964587211608887,-13.943373680114746,7.734011650085449,-54.440853118896484,7.671410083770752,-2.9959073066711426,7.31350564956665,12.803950309753418,11.798826217651367,13.859532356262207,9.802374839782715,24.827598571777344,8.937261581420898,-3.6915202140808105,9.337960243225098,4.277865409851074,6.8475823402404785,4.497076034545898,6.384122848510742,11.114161491394043,7.294501304626465,44100,4.0,D:/DU-SEM2/Period 1/Data Collection/Lab 3 Audio Folder/archive/selected_4x20/siren/24347-8-0-71.wav,24347-8-0-71.wav,siren
0.05392181838768116,0.009339174725001604,0.026436835527420044,0.0051195500418543816,1561.2711598999454,132.37906838520183,1940.2498344236094,188.11322350375232,2479.5015285326085,4791.293733016304,-379.3273620605469,11.110389709472656,198.76055908203125,8.615988731384277,-45.14649963378906,9.117013931274414,21.272811889648438,6.4521260261535645,-9.90151596069336,8.103976249694824,12.909468650817871,5.656859874725342,3.0814054012298584,5.558619022369385,10.344883918762207,4.907136917114258,4.64247989654541,6.1869072914123535,-6.250284671783447,6.439765453338623,-5.164916515350342,7.185634136199951,1.583117127418518,5.619019985198975,-1.3565930128097534,5.454036235809326,44100,4.0,D:/DU-SEM2/Period 1/Data Collection/Lab 3 Audio Folder/archive/selected_4x20/siren/90014-8-0-3.wav,90014-8-0-3.wav,siren
0.058026211503623186,0.010301642992164305,0.0019871145486831665,0.0012202674988657236,1823.2270752114537,277.9640283476381,2840.223974677551,532.5403120783751,1994.7860054347825,6029.172044836957,-657.9661865234375,18.160053253173828,189.6750946044922,14.038800239562988,2.2616097927093506,10.113265037536621,-44.25008010864258,12.08948040008545,-4.307948112487793,9.929015159606934,10.158042907714844,13.508393287658691,1.6669741868972778,14.618180274963379,13.838217735290527,12.131759643554688,12.48058795928955,22.187196731567383,0.884632408618927,19.372953414916992,-2.482482671737671,17.310728073120117,10.940768241882324,20.682281494140625,1.4762338399887085,14.923057556152344,44100,4.0,D:/DU-SEM2/Period 1/Data Collection/Lab 3 Audio Folder/archive/selected_4x20/siren/159744-8-0-3.wav,159744-8-0-3.wav,siren
0.04697973278985507,0.019804791057566298,0.14296406507492065,0.03365958109498024,1854.5700236173745,621.3022894427517,2441.6887892805908,501.99052548614304,3463.9121942934785,6923.018427309783,-181.21380615234375,25.11060905456543,188.46807861328125,19.470294952392578,-33.4635009765625,10.987091064453125,34.186527252197266,13.728758811950684,-29.518766403198242,11.253204345703125,-2.0201523303985596,9.067156791687012,-3.9066522121429443,10.805623054504395,7.846796989440918,11.746844291687012,11.856620788574219,10.053812980651855,11.020843505859375,11.808341979980469,6.451498985290527,12.139191627502441,-8.254220008850098,11.811575889587402,-4.247325420379639,10.307051658630371,44100,4.0,D:/DU-SEM2/Period 1/Data Collection/Lab 3 Audio Folder/archive/selected_4x20/siren/57323-8-0-1.wav,57323-8-0-1.wav,siren
0.05720957880434783,0.015063093945272487,0.034172505140304565,0.012919710949063301,2489.639507356942,581.3761537176274,3165.1631612250994,617.676218338037,3813.4366508152175,9031.087805706522,-396.73468017578125,46.46548843383789,102.857177734375,26.47695541381836,-68.9518814086914,18.714019775390625,-44.17660140991211,13.457100868225098,-41.70332717895508,14.194632530212402,-23.306610107421875,19.8316650390625,-2.8771345615386963,20.622108459472656,2.2595224380493164,18.526758193969727,-7.693719387054443,18.226198196411133,-2.077571392059326,18.4233341217041,7.838146686553955,12.4767427444458,17.946943283081055,10.804254531860352,20.690980911254883,9.248679161071777,44100,4.0,D:/DU-SEM2/Period 1/Data Collection/Lab 3 Audio Folder/archive/selected_4x20/siren/111671-8-0-17.wav,111671-8-0-17.wav,siren
0.04634142889492754,0.010313245954378969,0.038965821266174316,0.028705107048153877,1319.622112246717,155.58524572687824,1542.2526022834838,286.539483306645,1994.2866847826087,3383.5215692934785,-418.84222412109375,35.015933990478516,163.17298889160156,16.230772018432617,-9.696612358093262,15.307032585144043,-18.040925979614258,7.034801959991455,11.167074203491211,6.208218574523926,-0.9081610441207886,8.36059284210205,-6.2278971672058105,9.073497772216797,5.368350028991699,10.83164119720459,13.56522274017334,10.368255615234375,4.378800868988037,10.306618690490723,-6.587280750274658,11.30501937866211,-2.5789287090301514,10.570683479309082,-2.0731334686279297,11.435798645019531,44100,4.0,D:/DU-SEM2/Period 1/Data Collection/Lab 3 Audio Folder/archive/selected_4x20/siren/159750-8-0-1.wav,159750-8-0-1.wav,siren
0.0577247509057971,0.009720416543341605,0.0009303087717853487,0.00046023924369364977,2353.6279264603672,427.43978928318325,3701.753619022327,675.8416506042242,3327.9721467391305,11159.19242527174,-682.0960693359375,30.03404426574707,162.11842346191406,18.93791389465332,-4.622483730316162,16.098798751831055,-36.46871566772461,14.794621467590332,4.74589204788208,8.826776504516602,13.875903129577637,11.540669441223145,3.6951777935028076,15.19273567199707,11.962414741516113,16.4874210357666,6.5325026512146,18.26633071899414,-2.6664109230041504,15.188860893249512,-0.548150897026062,13.29178524017334,18.1835994720459,16.875,8.548444747924805,13.50744342803955,44100,4.0,D:/DU-SEM2/Period 1/Data Collection/Lab 3 Audio Folder/archive/selected_4x20/siren/159742-8-0-5.wav,159742-8-0-5.wav,siren
0.04683961730072464,0.00641017651393724,0.02771696075797081,0.005006657913327217,1382.3077365288866,91.82474574953164,2208.4525083951626,176.56236051958504,1628.846382472826,4056.605808423913,-345.8147277832031,6.040567874908447,215.32989501953125,6.691966533660889,-17.718650817871094,4.637128829956055,-14.825636863708496,4.62567663192749,-10.714041709899902,4.351356029510498,-4.677254676818848,5.220112323760986,19.265913009643555,6.28716516494751,21.34540367126465,5.535658359527588,11.745802879333496,4.968347072601318,-1.3015568256378174,6.2393293380737305,-10.161640167236328,6.167078495025635,-2.5628302097320557,4.902668476104736,2.772138833999634,4.881629943847656,44100,4.0,D:/DU-SEM2/Period 1/Data Collection/Lab 3 Audio Folder/archive/selected_4x20/siren/22601-8-0-21.wav,22601-8-0-21.wav,siren
0.05942453577898551,0.010770721110586117,0.07812594622373581,0.024499429389834404,1734.5154411228523,191.16056705454042,1531.8830622600046,169.43926593929052,2698.828125,4760.772758152174,-318.65936279296875,15.113958358764648,170.2832794189453,13.58243465423584,-73.63228607177734,10.47283935546875,-17.02325439453125,7.694370746612549,-31.827661514282227,8.824446678161621,-26.157711029052734,12.918743133544922,16.378055572509766,16.765783309936523,16.788768768310547,17.780765533447266,16.051712036132812,15.11898422241211,-1.1189969778060913,16.417327880859375,-2.100335121154785,15.099238395690918,16.21063804626465,13.531054496765137,18.154024124145508,13.90774917602539,44100,4.0,D:/DU-SEM2/Period 1/Data Collection/Lab 3 Audio Folder/archive/selected_4x20/siren/24347-8-0-87.wav,24347-8-0-87.wav,siren
0.0508590919384058,0.006172643063809665,0.048856984823942184,0.032349489629268646,1413.1705009215414,93.38621022363995,2094.61426266001,313.4374272566601,1702.1216881793478,4113.528362771739,-314.0509033203125,13.133487701416016,202.43264770507812,8.404772758483887,-17.631372451782227,7.329366207122803,-20.097675323486328,4.35344123840332,-4.798229217529297,5.463583946228027,-6.903628826141357,7.179365634918213,16.885456085205078,6.0400896072387695,27.976192474365234,5.918521404266357,18.608165740966797,5.68130350112915,1.9289244413375854,8.995786666870117,-11.077455520629883,6.54789924621582,-5.528263092041016,5.679338455200195,2.948524236679077,8.473647117614746,44100,4.0,D:/DU-SEM2/Period 1/Data Collection/Lab 3 Audio Folder/archive/selected_4x20/siren/22601-8-0-9.wav,22601-8-0-9.wav,siren
0.040875509510869566,0.010239054686603806,0.23198732733726501,0.0653035119175911,1752.6521973038145,363.47814807625736,2269.3540693199466,432.3558467600554,3186.9140625,6204.496008831522,-128.5266571044922,28.057405471801758,183.1132049560547,18.332077026367188,-48.408843994140625,10.61459732055664,12.762133598327637,12.9433012008667,-21.727006912231445,11.529746055603027,-8.316478729248047,10.87222671508789,-16.69229507446289,7.190834999084473,-19.370893478393555,7.805600166320801,-22.753076553344727,6.204160213470459,-24.670969009399414,8.181854248046875,-12.709250450134277,6.6953511238098145,-11.400080680847168,7.085199356079102,-6.162258148193359,5.977301120758057,44100,4.0,D:/DU-SEM2/Period 1/Data Collection/Lab 3 Audio Folder/archive/selected_4x20/street_music/113601-9-0-35.wav,113601-9-0-35.wav,street_music
0.016032608695652175,0.005381928109489531,0.011531444266438484,0.0031505331862717867,1268.638405426079,187.62856234020438,2641.4828528892017,230.25496730221317,2208.120754076087,5759.78855298913,-465.1958312988281,15.819741249084473,186.75833129882812,7.081005096435547,-7.741548538208008,11.356098175048828,30.03511619567871,7.365007400512695,12.201081275939941,5.7290215492248535,11.63296127319336,5.667393684387207,3.0256998538970947,5.1368560791015625,11.38404655456543,4.459904670715332,9.882481575012207,7.444157123565674,1.635489583015442,5.750150203704834,10.556995391845703,5.276081562042236,6.384499549865723,6.024117946624756,-0.011736087501049042,6.6573076248168945,44100,4.0,D:/DU-SEM2/Period 1/Data Collection/Lab 3 Audio Folder/archive/selected_4x20/street_music/173891-9-0-10.wav,173891-9-0-10.wav,street_music
0.019297724184782608,0.007366700421931554,0.010072481818497181,0.002235771855339408,1200.336218049532,189.09345811811164,2663.042532150158,214.365800031727,1714.979194972826,5199.55078125,-496.7439270019531,11.50802993774414,189.59800720214844,6.76064920425415,4.843303680419922,6.160217761993408,18.161455154418945,5.7402729988098145,6.4655561447143555,6.086645603179932,-0.5792360901832581,5.1709184646606445,-2.793754816055298,6.0214104652404785,10.606279373168945,5.444077014923096,14.684160232543945,5.3038859367370605,9.96691608428955,5.973055839538574,18.536226272583008,5.773275375366211,16.726030349731445,5.793971061706543,4.4366655349731445,5.385672569274902,44100,4.0,D:/DU-SEM2/Period 1/Data Collection/Lab 3 Audio Folder/archive/selected_4x20/street_music/173891-9-0-2.wav,173891-9-0-2.wav,street_music
0.04804262907608696,0.012552052738080887,0.07100635766983032,0.027282029390335083,2054.722133555712,259.2598538353073,2462.7386954033223,277.10653522444426,3370.2895720108695,6624.799167798913,-304.4321594238281,22.372241973876953,122.06231689453125,21.07331085205078,-67.51277160644531,8.098589897155762,5.53847599029541,10.606108665466309,0.952701985836029,8.694056510925293,-8.02653980255127,6.68687629699707,-29.797119140625,7.154905796051025,-4.456852436065674,7.381734848022461,-19.40264320373535,5.63463020324707,-2.2501885890960693,6.913253307342529,-5.236538410186768,5.329514503479004,-7.109200954437256,6.497064113616943,-24.15823745727539,5.452728748321533,44100,4.0,D:/DU-SEM2/Period 1/Data Collection/Lab 3 Audio Folder/archive/selected_4x20/street_music/42955-9-0-12.wav,42955-9-0-12.wav,street_music
0.045884284420289856,0.015934967467343516,0.048018064349889755,0.009284635074436665,2291.0194147464695,565.2351942239408,3064.8965943617636,444.5688757630053,4855.955757472826,8710.461531929348,-236.4651336669922,19.17055320739746,164.22039794921875,20.248214721679688,-30.686635971069336,8.535781860351562,26.53066635131836,8.673632621765137,-39.29467010498047,8.394977569580078,2.1388862133026123,5.267919540405273,-17.77851104736328,5.898965835571289,-14.050514221191406,6.219454288482666,-20.84391212463379,5.7232818603515625,-15.711469650268555,4.363964080810547,-16.221126556396484,5.622025012969971,-6.55707311630249,4.965784549713135,-14.618135452270508,4.621035575866699,44100,4.0,D:/DU-SEM2/Period 1/Data Collection/Lab 3 Audio Folder/archive/selected_4x20/street_music/115415-9-0-7.wav,115415-9-0-7.wav,street_music
0.03762596240942029,0.011016310317091233,0.05203915014863014,0.011946138925850391,1968.1480999341234,331.7942669566155,2981.2858428509094,309.5474919490558,3870.6088654891305,8233.735139266304,-242.89918518066406,16.270437240600586,174.89556884765625,12.047250747680664,-19.69890785217285,9.218168258666992,27.057342529296875,7.101456642150879,-22.33092498779297,8.047348022460938,5.3955488204956055,6.381202220916748,-9.391271591186523,7.03903865814209,-10.034071922302246,5.050788402557373,-10.937414169311523,5.444003105163574,-8.464374542236328,6.229837894439697,-4.719031810760498,5.911228179931641,-9.28097152709961,5.452646732330322,-7.802525520324707,5.6693434715271,44100,4.0,D:/DU-SEM2/Period 1/Data Collection/Lab 3 Audio Folder/archive/selected_4x20/street_music/89442-9-0-17.wav,89442-9-0-17.wav,street_music
0.033501754981884055,0.013605547289186407,0.08402498811483383,0.033125076442956924,1856.1061512039819,520.1260365549564,2938.757863466518,550.4929031853496,3410.2352241847825,8204.83695652174,-213.6974639892578,41.22478485107422,178.1755828857422,19.42013931274414,-8.315494537353516,13.584715843200684,23.68766212463379,9.933751106262207,-5.133500099182129,10.12130069732666,12.35486125946045,8.320466995239258,-3.958366632461548,7.806327819824219,8.175036430358887,9.131714820861816,-10.180634498596191,6.9153828620910645,0.654940128326416,6.577300548553467,3.6593563556671143,7.799824237823486,1.5992987155914307,6.909159183502197,-2.8145804405212402,6.970450401306152,44100,4.0,D:/DU-SEM2/Period 1/Data Collection/Lab 3 Audio Folder/archive/selected_4x20/street_music/132162-9-1-63.wav,132162-9-1-63.wav,street_music
0.029241677989130434,0.004479538938728053,0.06855326890945435,0.04424140974879265,1152.6682562791411,229.593855274313,1947.9141599977866,469.1336283930602,1324.5728600543478,3150.775730298913,-334.84893798828125,23.679447174072266,210.58433532714844,17.977083206176758,11.451754570007324,12.812607765197754,-39.9302864074707,13.506664276123047,-24.669893264770508,10.833113670349121,-22.11030387878418,10.144804954528809,-37.53811264038086,10.731743812561035,-21.52654266357422,9.215950012207031,-12.921818733215332,7.64667272567749,-15.65918254852295,6.153847694396973,-14.032127380371094,5.5914626121521,-9.535481452941895,6.120490074157715,2.3751637935638428,6.864818572998047,44100,4.0,D:/DU-SEM2/Period 1/Data Collection/Lab 3 Audio Folder/archive/selected_4x20/street_music/109263-9-0-39.wav,109263-9-0-39.wav,street_music
0.05707370923913044,0.024541258773259227,0.07461874932050705,0.04606952518224716,2327.2319936953977,745.9421634668805,2971.3447885189717,517.6200541122587,4841.600288722826,8394.953294836956,-223.77047729492188,68.12777709960938,162.85885620117188,26.40619468688965,-25.552282333374023,11.609278678894043,40.024784088134766,13.912383079528809,-27.470544815063477,12.642223358154297,-2.4828317165374756,9.934061050415039,-7.8643341064453125,7.956596374511719,-4.483449935913086,7.992323875427246,-9.191659927368164,7.6899333000183105,-1.9164282083511353,7.658626079559326,-10.867498397827148,6.694765090942383,-5.065795421600342,8.348705291748047,2.162656307220459,7.1709723472595215,44100,4.0,D:/DU-SEM2/Period 1/Data Collection/Lab 3 Audio Folder/archive/selected_4x20/street_music/34866-9-0-13.wav,34866-9-0-13.wav,street_music
0.023278985507246375,0.008344235706990423,0.06429330259561539,0.015095511451363564,1317.0403417371112,175.66983839480127,2423.6858868140243,219.4303163798507,2190.5197010869565,5399.778362771739,-277.41015625,11.597013473510742,198.9378204345703,8.492969512939453,-13.194993019104004,7.524046897888184,17.195762634277344,6.443656921386719,8.342220306396484,6.374091625213623,27.193296432495117,6.363795757293701,-0.9073145985603333,6.211521148681641,8.978643417358398,5.274654388427734,7.020139694213867,5.912988662719727,4.005978107452393,6.897406578063965,10.227957725524902,6.006226062774658,2.1720852851867676,4.921295166015625,0.6831641793251038,5.496005058288574,44100,4.0,D:/DU-SEM2/Period 1/Data Collection/Lab 3 Audio Folder/archive/selected_4x20/street_music/147491-9-2-6.wav,147491-9-2-6.wav,street_music
0.024725430253623188,0.012607853041719292,0.11541590839624405,0.06863810122013092,1556.7860118322499,627.8774521419471,2772.686966920938,655.1661329579938,2680.4780910326085,7056.524286684783,-248.3937530517578,39.36719512939453,175.0885467529297,23.823148727416992,8.79611587524414,16.975841522216797,31.7843074798584,9.599564552307129,6.872901916503906,6.897163391113281,4.7023234367370605,9.543919563293457,-5.153771877288818,6.1876654624938965,-2.032761812210083,5.62152099609375,-8.178664207458496,6.690157413482666,-1.1053376197814941,6.953387260437012,-6.803504467010498,6.431546688079834,-2.0762031078338623,5.1255927085876465,-5.616292476654053,4.948697566986084,44100,4.0,D:/DU-SEM2/Period 1/Data Collection/Lab 3 Audio Folder/archive/selected_4x20/street_music/126153-9-0-6.wav,126153-9-0-6.wav,street_music
0.05174082880434783,0.03242258246092016,0.06036929786205292,0.01784397102892399,1892.8273068115132,410.76158232676045,1960.8733369691695,274.44662807797823,3871.5450917119565,5382.614215353261,-263.42132568359375,28.457014083862305,186.29595947265625,13.925551414489746,-64.30186462402344,21.411672592163086,50.621273040771484,11.556432723999023,18.584686279296875,9.945135116577148,-4.80079984664917,11.410857200622559,10.898754119873047,7.5103302001953125,14.40726375579834,8.551846504211426,2.9997355937957764,7.749751567840576,-5.304399490356445,7.569057941436768,3.9719536304473877,8.693065643310547,-6.732983589172363,8.235494613647461,-5.408066749572754,6.827632427215576,44100,4.0,D:/DU-SEM2/Period 1/Data Collection/Lab 3 Audio Folder/archive/selected_4x20/street_music/69304-9-0-12.wav,69304-9-0-12.wav,street_music
0.03627717391304348,0.020052657320008202,0.01793542131781578,0.007293849717825651,3198.348883897573,1067.5758742511478,4823.751866385955,732.8503900651508,8051.545516304348,14619.859035326086,-369.5780029296875,50.152587890625,128.9381866455078,20.17993927001953,35.29936981201172,11.934178352355957,24.182586669921875,7.550466060638428,-6.164600372314453,7.897228717803955,10.432989120483398,7.705012798309326,-4.386401176452637,6.657522201538086,4.627119541168213,6.425280570983887,-11.085289001464844,6.4050750732421875,1.9650952816009521,6.8365936279296875,-12.079978942871094,6.501887321472168,-1.9357092380523682,5.519670486450195,-12.654455184936523,5.481997013092041,44100,4.0,D:/DU-SEM2/Period 1/Data Collection/Lab 3 Audio Folder/archive/selected_4x20/street_music/155212-9-0-13.wav,155212-9-0-13.wav,street_music
0.029434159873188405,0.010367736699078665,0.19387678802013397,0.06892770528793335,779.4202652219521,154.15501588019305,874.0404759384006,150.8755705519546,1370.1982846467392,2141.149371603261,-231.31394958496094,14.74105167388916,241.4437255859375,11.298481941223145,8.393136024475098,10.118423461914062,-12.742096900939941,12.203361511230469,13.37724781036377,8.804368019104004,10.584423065185547,8.72000789642334,13.66411018371582,7.00629997253418,-2.9420950412750244,8.39818000793457,-4.770452499389648,6.172881603240967,10.27681827545166,7.601974964141846,-0.09262394905090332,5.716818809509277,-0.40683913230895996,8.98985481262207,11.158337593078613,11.88740062713623,44100,4.0,D:/DU-SEM2/Period 1/Data Collection/Lab 3 Audio Folder/archive/selected_4x20/street_music/194310-9-0-73.wav,194310-9-0-73.wav,street_music
0.025554800724637682,0.00900081280638667,0.051023587584495544,0.01134271640330553,1163.2041849094883,276.79894425900767,1945.8014350693147,330.32059422395196,1967.9475203804348,4123.26511548913,-352.7111511230469,22.379915237426758,208.84365844726562,13.978097915649414,-14.147926330566406,20.723129272460938,38.21760940551758,9.688014030456543,13.800281524658203,13.174178123474121,-4.184248447418213,10.75554370880127,-18.20577049255371,11.172764778137207,-8.272069931030273,9.358510971069336,-6.059755802154541,6.41983699798584,-12.968707084655762,9.544265747070312,-13.10130500793457,8.712002754211426,-4.374212265014648,11.6607027053833,-4.988417625427246,7.553274154663086,44100,4.0,D:/DU-SEM2/Period 1/Data Collection/Lab 3 Audio Folder/archive/selected_4x20/street_music/155044-9-0-11.wav,155044-9-0-11.wav,street_music
0.0345504981884058,0.0048016804595581025,0.09469009935855865,0.013274844735860825,1046.921592655768,77.72993180499533,915.1280054855582,58.03060308839135,2080.606742527174,3118.8192085597825,-286.1410217285156,6.131716728210449,295.2695007324219,5.7613935470581055,-25.240591049194336,5.8858771324157715,-54.021820068359375,5.188285827636719,42.29853439331055,5.029185771942139,8.603472709655762,4.473307132720947,-42.48392105102539,4.826225757598877,0.7490740418434143,4.141220569610596,18.04499053955078,3.8954386711120605,-24.271883010864258,4.151617050170898,-20.388957977294922,3.8299176692962646,11.665149688720703,3.7730205059051514,-4.690486431121826,3.9289803504943848,44100,4.0,D:/DU-SEM2/Period 1/Data Collection/Lab 3 Audio Folder/archive/selected_4x20/street_music/99179-9-0-58.wav,99179-9-0-58.wav,street_music
0.030940047554347826,0.01210883804446797,0.030353479087352753,0.014405915513634682,1675.1369939953754,335.8292420049536,2737.013215317187,469.40185144086973,2930.138417119565,7090.54050611413,-324.5758056640625,36.029842376708984,186.3570098876953,15.792656898498535,-15.298521041870117,21.1396541595459,23.295177459716797,11.461787223815918,-1.0474904775619507,8.855962753295898,11.268805503845215,6.783722400665283,4.6847710609436035,6.050413608551025,8.640361785888672,7.4231181144714355,-1.1507481336593628,5.959383010864258,7.149694919586182,4.822615623474121,-7.185818672180176,6.8530449867248535,0.8986832499504089,5.763134002685547,-4.903184413909912,5.868027210235596,44100,4.0,D:/DU-SEM2/Period 1/Data Collection/Lab 3 Audio Folder/archive/selected_4x20/street_music/96169-9-1-61.wav,96169-9-1-61.wav,street_music
0.033068670742753624,0.015594072346613282,0.04169098660349846,0.022586096078157425,1947.4467605821617,422.0830303553699,3030.723667998273,459.3866607416682,3856.066151494565,8413.240913722826,-283.9156494140625,17.185033798217773,165.5244140625,13.472359657287598,-14.377119064331055,12.479524612426758,31.71257972717285,10.452205657958984,1.5346375703811646,9.535600662231445,6.516313076019287,7.079887866973877,-3.9202213287353516,7.782161235809326,6.91176700592041,7.470219135284424,5.4587931632995605,6.3272528648376465,7.785215854644775,7.363511562347412,4.569413185119629,6.70413875579834,0.7753564715385437,5.853132247924805,-2.4914183616638184,6.718078136444092,44100,4.0,D:/DU-SEM2/Period 1/Data Collection/Lab 3 Audio Folder/archive/selected_4x20/street_music/66599-9-1-11.wav,66599-9-1-11.wav,street_music
0.059817991394927536,0.029861198479537585,0.18479801714420319,0.04955802485346794,2933.1279965130966,809.8398469849519,3429.141639029094,440.0697967702344,7532.876188858696,9852.283033288044,-151.23666381835938,25.846755981445312,154.83987426757812,12.700454711914062,-18.700998306274414,10.386302947998047,74.3268814086914,10.36627197265625,-50.345245361328125,12.727668762207031,25.45672607421875,9.143068313598633,-20.063440322875977,9.390769958496094,-9.296975135803223,8.945913314819336,1.2622102499008179,6.634913444519043,-30.631620407104492,6.84910774230957,6.804956436157227,7.107645034790039,-16.642837524414062,7.991783618927002,0.5304185748100281,8.745481491088867,44100,4.0,D:/DU-SEM2/Period 1/Data Collection/Lab 3 Audio Folder/archive/selected_4x20/street_music/28385-9-0-9.wav,28385-9-0-9.wav,street_music
0.0734077785326087,0.01709336794301261,0.004605387803167105,0.0008389533613808453,3363.3232420354,462.43791635903756,4056.6788612146456,293.75672798189765,7555.720108695652,12228.175526494566,-404.75225830078125,29.919382095336914,133.24264526367188,12.856282234191895,-18.114755630493164,8.055723190307617,27.156442642211914,5.624107360839844,-17.880165100097656,4.938945770263672,14.586156845092773,4.661850452423096,-8.955249786376953,4.631129264831543,8.777504920959473,6.227974891662598,-2.1507675647735596,3.9409573078155518,-3.007549524307251,4.999469757080078,-5.799117088317871,5.26017951965332,3.0368666648864746,4.902076721191406,-6.065699100494385,4.630242824554443,44100,4.0,D:/DU-SEM2/Period 1/Data Collection/Lab 3 Audio Folder/archive/selected_4x20/street_music/180057-9-0-20.wav,180057-9-0-20.wav,street_music
